numero_topicos_k,coherencia_c_v
2,0.40825654570854175
3,0.4208128143709334
4,0.38962058749055345
5,0.4040005616220418
6,0.3915171330475336
7,0.44176070078148477
8,0.4343415740699464
9,0.4585490251478394
10,0.46391711323602725
