numero_topicos_k,coherencia_c_v
2,0.33741511796168827
3,0.3457113146103712
4,0.30069062919694267
5,0.3747289149247973
6,0.34286585101734185
7,0.42010905822946143
8,0.4062376423575318
9,0.40696399725124144
10,0.41923038832710774
