numero_clusters_k,inercia
2,788.4096767414085
3,764.7414346837425
4,738.0109331060603
5,710.4856182860029
6,683.9735287031747
7,660.8052820937309
