numero_topicos_k,coherencia_c_v
2,0.38710564518190094
3,0.4033507997378267
4,0.44632947038045917
5,0.4367193446670046
6,0.4533921090035828
7,0.45842953708874346
8,0.42923818168420536
9,0.4486395740955612
10,0.444145104803152
