numero_clusters_k,inercia
2,917.0230455384631
3,886.8539420151915
4,861.7142380362899
5,829.1650733408528
6,817.5727750861074
7,779.714053326397
