numero_topicos_k,coherencia_c_v
2,0.19063287725817424
3,0.3200219494348981
4,0.2757829412998767
5,0.34431933601415843
6,0.389358863125361
7,0.3828171269528561
8,0.3975560822285602
9,0.39614992357222356
10,0.4053537884401264
