numero_topicos_k,coherencia_c_v
2,0.38961661386299046
3,0.503045660962513
4,0.4553879401230782
5,0.4802929861444998
6,0.40505968631403877
7,0.44192798671703404
8,0.4447339345445037
9,0.4593850317790252
10,0.4998968053930969
