numero_topicos_k,coherencia_c_v
2,0.23795682762151366
3,0.3249434081177009
4,0.3225816728649801
5,0.3361623233650481
6,0.3132751274805314
7,0.3603829039732643
8,0.32932876720858867
9,0.3799386719082966
10,0.3631043530915017
