numero_topicos_k,coherencia_c_v
2,0.26031341829405197
3,0.28904790234573813
4,0.37161767454777106
5,0.4524124869329283
6,0.3998977980515135
7,0.42686601644182803
8,0.4548002350308086
9,0.42025007990694047
10,0.44223509694509905
