numero_clusters_k,inercia
2,3009.375293118762
3,2749.3161991370935
4,2687.4227057558596
5,2600.2255577683572
6,2570.4335138141732
7,2486.5978406731433
