numero_topicos_k,coherencia_c_v
2,0.29843635567031557
3,0.35953173788661696
4,0.3418613723078804
5,0.37020923909599474
6,0.41086985893019085
7,0.39466407574618756
8,0.3734481442692859
9,0.41300272393838705
10,0.4102317138850881
