numero_topicos_k,coherencia_c_v
2,0.20611309873551095
3,0.35160170766138243
4,0.3028388824457741
5,0.33605737282083775
6,0.3455579148299687
7,0.34416543974085545
8,0.36064115070440766
9,0.3906564072007661
10,0.3945361510047439
