numero_clusters_k,inercia
2,2960.6179624745364
3,2885.553123574381
4,2739.876838002903
5,2682.066267120347
6,2617.904265641131
7,2581.366954377011
