numero_topicos_k,coherencia_c_v
2,0.33917362296956705
3,0.4213552122225758
4,0.3284327270885867
5,0.3451733928000723
6,0.3632495973621908
7,0.43666748988199355
8,0.4165577727580929
9,0.39969347159959917
10,0.48513524649028367
