numero_topicos_k,coherencia_c_v
2,0.28181322401384745
3,0.35983390277238697
4,0.2638130477487058
5,0.29098063681983455
6,0.4218664149175669
7,0.35006684000504357
8,0.38350852300401383
9,0.38529737842474837
10,0.38982768897987274
