numero_topicos_k,coherencia_c_v
2,0.4653150327119857
3,0.45530292019039903
4,0.4094606407611967
5,0.42894291594398126
6,0.3656041179210457
7,0.43728957646125943
8,0.4342242941474771
9,0.4365448609266624
10,0.45326693470952495
